patch,Faustus,Ritual,Ultimatum,3.18,3.19,3.20,3.21,3.22,3.23,3.24,3.25,All samples
Sample Size,,,,513764,55961,164658,50086,294243,194246,220031,198929,1691918
Rain of Chaos,5,5,,121400,121400,121400,121400,121400,121400,121400,121400,
Mitts,10,4,,4590,5976,5818,5637,6058,5844,5676,5279,
Emperor's Luck,10,5,,51955,44376,43550,51627,53121,54159,51401,50643,
The Lover,10,5,,66053,60076,61848,66353,67504,62926,62519,62738,
Destined to Crumble,15,5,,48865,46116,40199,48979,47245,48180,46146,45583,
The King's Blade,15,5,,43747,41287,41344,42256,45369,42734,43976,42160,
The Scholar,15,5,,47095,42527,47108,50960,46835,47689,46351,46346,
Loyalty,20,5,,35120,32062,33476,35282,34787,32932,33974,34668,
The Metalsmith's Gift,20,5,,35804,30641,37417,35135,36117,35547,34299,34178,
The Carrion Crow,25,5,,24010,19622,25642,25114,24909,23341,24153,22356,
The Catalyst,25,5,,25994,22315,26047,28603,25989,26064,24984,25268,
The Flora's Gift,25,5,,29271,27127,28083,31105,29893,29928,28051,27133,
Three Faces in the Dark,25,5,,23633,21998,25392,25377,23866,24070,23590,24797,
More is Never Enough,30,5,,878,618,750,957,840,750,0,22723,
Lantador's Lost Love,35,5,,17828,16328,15292,16283,17863,17985,17892,17452,
The Doppelganger,35,5,,19848,18968,19864,20417,20300,21265,20846,19622,
The Hermit,35,5,,9765,14597,16805,18846,18141,18147,16721,18774,
The Scarred Meadow,35,5,,4235,16471,17444,18548,18570,17881,17817,17857,
Rats,40,5,,3385,16615,15243,15831,15485,15676,16405,14969,
The Harvester,40,5,,227,15901,17224,19990,17705,16544,16104,16122,
The Witch,40,5,,4810,13689,16922,18076,16892,15944,14845,16018,
The Sword King's Salute,45,5,,5044,12844,14188,14336,14514,14424,13667,14549,
Doedre's Madness,50,5,,18545,12625,11238,13742,12858,13906,11745,12799,
Imperial Legacy,55,5,,12412,10502,10288,14391,13062,11925,12434,11628,
Prosperity,55,5,,12950,11675,12186,12944,11903,13381,11984,11781,
Rain Tempter,55,5,,13097,11167,12367,14065,13646,14205,12313,11805,
The Arena Champion,55,5,,12359,12103,10875,12163,12373,11174,11454,10941,
The Blazing Fire,55,5,,4296,10667,12578,11651,11929,11809,11540,11757,
The Journalist,55,5,,11980,11717,11887,11449,12155,12300,12082,12054,
The Opulent,55,5,,12736,11974,11606,14445,12858,12705,11854,12449,
Three Voices,55,5,,12450,9690,12306,14119,12198,12105,12368,10941,
The Sun,60,5,,1182,10874,11151,11702,11168,10923,10387,11137,
Vinia's Token,60,5,,11390,10916,11635,11047,12137,11681,12412,11734,
Assassin's Favour,65,5,,3838,9057,8288,11753,10572,10243,10252,10290,
Dark Temptation,65,5,,19950,9451,8741,9967,10250,10723,9135,9378,
Glimmer of Hope,65,5,,878,9690,8407,9159,10332,10365,10262,9842,
The Demoness,65,5,,882,8823,10516,10209,10250,10182,9496,10918,
Thunderous Skies,65,5,,16581,9411,10416,11297,10631,10723,10169,9875,
Her Mask,70,5,,9800,9730,8078,9727,9785,9315,9769,9720,
The Chains that Bind,70,5,,10010,8629,9463,10947,9575,9375,9215,9709,
The Tireless Extractor,70,5,,9725,9851,9880,10016,10291,9529,9045,9764,
The Warden,70,5,,9823,8979,9754,8237,9599,10108,9285,9324,
Hunter's Resolve,75,5,,3350,7574,7243,8879,9543,8799,8524,9378,
The Adventuring Spirit,75,5,,3147,7537,9188,10650,9511,9470,9275,9139,
The Army of Blood,75,5,,4702,7833,9284,10258,9407,9209,9576,9324,
The Visionary,75,5,,2560,8514,9175,9253,9996,9292,9617,9368,
Lost Worlds,80,5,,8674,8438,7042,7392,8495,8822,8936,7489,
Boon of Justice,85,4,,7966,8058,7394,9441,8341,7896,8042,7703,
Gemcutter's Promise,85,4,,8128,6389,6843,8102,7961,8567,7900,7785,
The Explorer,85,4,,7986,7280,8078,8832,7750,7222,7852,7256,
The Wrath,85,4,,8305,7684,7484,8237,8105,8441,8311,7888,
A Sea of Blue,90,4,,7623,7426,7004,7967,7885,7496,7533,7286,
The Lunaris Priestess,90,4,,22991,8514,7766,8694,7780,7717,7682,7387,
The Sigil,90,4,,7833,6884,7117,8012,7327,8326,8071,7246,
The Survivalist,90,4,,7326,5638,8262,7922,7683,7430,6699,7631,
Thirst for Knowledge,90,4,,2771,6459,7740,8147,7504,6919,7439,7611,
Lucky Connections,95,4,,7419,6529,7268,6832,7780,8235,7291,7327,
Struck by Lightning,95,4,,7537,5373,7004,8282,7772,8156,6852,7076,
The Web,95,4,,7775,7099,6917,7789,7968,7146,7384,7226,
Alone in the Darkness,100,4,,661,5571,6209,6245,6804,6600,6636,6419,
The Cache,100,4,,3285,6251,6257,6621,7107,7200,6396,7146,
The Tower,100,4,,2814,5840,7142,7392,7349,7102,7236,6593,
The Inoculated,105,4,,6760,6600,6257,5126,6775,6727,6529,6361,
The Inventor,105,4,,6159,5538,6305,6453,6775,6171,5942,6217,
Time-Lost Relic,105,4,,2817,6600,6892,6578,6640,6089,6387,5990,
Last Hope,110,4,,6083,5242,6305,7132,6399,6007,6072,5943,
The Dragon,110,4,,5973,5772,6113,6537,7093,6213,6396,6084,
The Standoff,110,4,,1101,6216,5888,5999,6245,6610,6220,6103,
The Stormcaller,110,4,,1052,5144,6390,5677,6371,6801,6132,6380,
The Summoner,110,4,,6270,5571,5864,6705,7013,6621,5659,6284,
Volatile Power,110,4,,6583,5177,5631,6081,6210,6348,5659,5924,
The Penitent,115,4,,1668,5144,5876,5637,6294,5854,5804,5886,
The Trial,115,4,,6259,5472,5959,5677,5845,6296,5976,6217,
Hubris,120,4,,675,5340,4751,5878,5669,5433,5916,5433,
The Aesthete,120,4,,1544,6181,6018,6411,5845,5874,5315,5737,
The Battle Born,120,4,,7330,5209,5959,5088,6030,5813,5719,5589,
The Gladiator,120,4,,2325,4792,6018,6163,5771,5572,5583,5378,
Acclimatisation,125,4,,3350,2730,3282,3422,3462,3509,3690,3594,
Azure Rage,125,4,,0,2835,2494,3765,2884,2768,2952,2851,
Boundless Realms,125,4,,4948,5144,4576,5878,5595,5722,4880,5297,
Cameria's Cut,125,4,,695,571,569,551,753,813,4864,4667,
Cartographer's Delight,125,4,,4635,4203,3860,3321,4706,4764,4388,3779,
Chaotic Disposition,125,4,,3841,3440,3617,4191,3788,3717,3727,3706,
Cursed Words,125,4,,6756,3078,2565,3090,3360,3458,3639,3242,
Grave Knowledge,125,4,,3153,3051,2556,3288,3058,2976,2762,2880,
Jack in the Box,125,4,,4415,4264,4077,4520,4988,4576,4792,4650,
Left to Fate,125,4,,2865,2835,2380,3592,3047,3264,2945,2691,
Sambodhi's Vow,125,4,,4733,4386,5106,5088,5047,4604,4427,5188,
Shard of Fate,125,4,,5350,5177,4805,4155,5315,5354,5306,6009,
Society's Remorse,125,4,,3385,2625,3718,4012,3496,3348,3194,3428,
The Body,125,4,,2631,4112,4383,4447,4840,4622,5108,4624,
The Calling,125,4,,2452,3640,3932,4520,4492,4298,4019,4512,
The Endurance,125,4,,5387,5275,5332,6287,5615,5314,5240,4886,
The Fool,125,4,,3654,2862,3617,3592,3439,3314,3996,3499,
The Gambler,125,4,,4933,4479,4816,5438,5079,5373,5067,4546,
The Gemcutter,125,4,,20774,18419,20290,20663,20808,20984,19806,4939,
The Jeweller's Boon,125,4,,3564,2862,3677,3765,3682,4089,3293,3811,
The Lich,125,4,,5220,3815,4555,5204,4988,4613,4279,4435,
The Lion,125,4,,4330,3992,3340,3422,3859,3804,3749,3491,
The Master Artisan,125,4,,8618,7244,7831,8237,8219,7729,7805,3546,
The Mountain,125,4,,5097,4417,5423,5088,5112,4945,4929,4974,
The Porcupine,125,4,,4065,3105,3697,3456,3888,3586,3698,3682,
The Rabid Rhoa,125,4,,5209,4479,5173,5399,5223,5129,4888,4868,
The Risk,125,4,,367,5047,4674,4670,4827,4669,4986,4728,
The Skeleton,125,4,,5449,5373,5298,5399,5886,4935,5490,5830,
The Surgeon,125,4,,4941,4325,4805,4745,5027,4482,4888,4851,
The Surveyor,125,4,,4754,3243,4393,3941,4561,4792,4087,4257,
The Twins,125,4,,5022,4479,5286,4632,5210,4926,5043,4939,
The Valkyrie,125,4,,2486,3355,3517,4896,3445,3569,3588,3327,
The Watcher,125,4,,7468,2915,3728,3976,3906,3255,3757,3444,
The Wolf,125,4,,3095,4887,4938,6040,5375,4698,4816,4702,
The Wolf's Shadow,125,4,,6056,4142,4663,4820,5053,5070,4688,4291,
The Wretched,125,4,,2885,3355,4056,4373,4319,4717,4295,3958,
The Void,125,Boss,,9636,9253,9922,10898,10062,10023,0,0,
Blind Venture,150,4,4,436,2497,1648,2021,2149,2094,1989,1995,
Coveted Possession,150,4,,2909,2809,2267,3388,2873,2760,2850,2940,
Dying Anguish,150,4,,1671,1572,1664,1306,1412,0,2467,2393,
Emperor of Purity,150,4,4,1849,1616,1504,2078,1608,1840,1893,1777,
Forbidden Power,150,4,4,410,2100,1679,2769,2159,2001,1959,1969,
Gift of the Gemling Queen,150,4,4,2076,1841,1664,1637,2223,2044,2013,1790,
Hope,150,4,4,167,1911,1679,1690,2081,2131,1983,1924,
Humility,150,4,,12469,10175,4927,6411,3009,2791,2742,2547,
Lysah's Respite,150,4,,1180,1958,2140,2430,2066,2240,2227,2168,
Might is Right,150,4,,3972,2809,2977,3456,2666,2572,2525,2470,
No Traces,150,4,,2588,2246,2911,2430,2803,2473,2321,2814,
Prejudice,150,4,4,884,2052,1966,2311,2332,2226,1977,2074,
Scholar of the Seas,150,4,,6003,2197,2259,1611,2227,2102,2025,1937,
The Archmage's Right Hand,150,4,,1186,1196,1222,2552,2327,2344,2258,2215,
The Betrayal,150,4,,189,2809,2476,2960,2740,2541,2467,2512,
The Cataclysm,150,4,,2399,1796,2182,1936,2423,2572,2134,2021,
The Coming Storm,150,4,,2062,2125,2432,2896,2367,2382,2346,2442,
The Dapper Prodigy,150,4,,2643,2271,2637,3288,2227,2595,2403,2470,
The Drunken Aristocrat,150,4,,1695,2296,2930,1853,2257,2588,2397,2477,
The Feast,150,4,4,1097,2271,2191,2281,1971,2189,1935,1937,
The Fletcher,150,4,4,809,1728,2040,1744,2086,1903,2007,2021,
The Forsaken,150,4,,3239,2222,2098,2021,2168,2374,1893,1796,
The Fox,150,4,,2380,1841,2362,2021,1990,2059,2308,2283,
The Heroic Shot,150,4,4,2057,1401,1990,1533,2018,1799,1714,1937,
The Hoarder,150,4,,2623,2471,2810,2706,2740,2480,2429,2597,
The One With All,150,4,,780,2421,2056,2992,2342,2518,2352,2604,
The Poet,150,4,4,472,1507,2090,2135,1802,1854,2043,2028,
The Puzzle,150,4,,4980,5047,4905,2370,2495,2557,2604,2435,
The Rite of Elements,150,4,4,2084,1443,2191,2078,2464,2255,1748,2154,
The Ruthless Ceinture,150,4,,1173,2471,2574,2521,2703,2665,2669,2917,
The Scavenger,150,4,,1532,2149,2574,2928,2317,2066,2116,2048,
The Wilted Rose,150,4,,2692,2173,2450,3188,2448,2736,2703,2683,
The Wolf's Legacy,150,4,2,1444,1401,1885,1637,1853,2001,1590,244,
Broken Truce,175,3,4,0,1464,1408,1611,1635,1468,1607,1437,
Call to the First Ones,175,3,4,1546,1422,1250,1744,1564,1758,1383,1604,
Dialla's Subjugation,175,3,4,1451,1401,1065,1024,1106,1323,1131,1138,
Earth Drinker,175,3,4,1059,1256,1293,2021,1337,1398,1458,1449,
Ever-Changing,175,3,4,0,0,1229,1186,1353,1317,1341,1350,
Guardian's Challenge,175,3,4,1316,1078,1119,1611,1396,1379,1151,1484,
Heterochromia,175,3,4,443,1317,1467,1909,1770,1539,1708,1752,
The Deceiver,175,3,4,2261,1638,1656,1405,1308,1526,1513,1454,
The Easy Stroll,175,3,4,1475,1638,1618,1717,1657,1539,1394,1490,
The Fortunate,175,3,4,0,0,0,0,1226,1195,1192,1373,
The Golden Era,175,3,4,1282,1040,1364,1611,1345,1243,1294,1299,
The Insatiable,175,3,4,71,1002,1106,1559,1218,1329,1072,1209,
The Mercenary,175,3,4,650,1572,1633,1507,1516,1348,1442,1514,
The Price of Protection,175,3,4,1599,1059,1602,1209,1612,1373,1507,1556,
Vile Power,175,3,4,1208,0,1328,1306,1590,1262,1447,1544,
Alivia's Grace,175,4,4,0,0,1437,2106,1798,1651,1864,1727,
The Beast,175,4,4,3854,1401,1797,1690,1793,1882,1601,1924,
The Oath,175,4,4,1970,1443,1829,1936,1905,1657,1442,1556,
The Pack Leader,175,4,4,1269,1638,1813,1431,1766,1785,1754,1989,
The Union,175,4,4,5212,4022,4783,5126,5203,5109,5100,1132,
The Admirer,175,Boss,4,1453,1486,1695,1533,1564,1591,0,0,
The Fathomless Depths,175,Boss,4,1235,1137,1208,1356,1370,1160,0,0,
The Messenger,175,Boss,4,1215,1059,1194,979,1271,1280,0,0,
A Mother's Parting Gift,200,3,4,24257,2125,841,1092,1142,904,1127,1042,
Atziri's Arsenal,200,3,4,1720,1297,1013,891,1218,1032,1131,1316,
Death,200,3,4,4549,1216,948,1092,1197,1274,1217,1344,
Lingering Remnants,200,3,3,2132,1728,1837,2281,1146,1113,1014,888,
The Deal,200,3,4,965,1021,1039,1092,1021,1026,943,923,
The Dreamland,200,3,4,3375,2246,2745,1331,1197,1037,1136,1181,
The Encroaching Darkness,200,3,3,1604,820,733,979,1029,818,856,747,
The Forward Gaze,200,3,4,1246,820,1140,1356,1154,1154,995,928,
The Gentleman,200,3,4,4316,1117,1482,1209,1201,1219,1102,1449,
The Incantation,200,3,4,24227,1196,1208,1456,1271,1154,1192,1132,
The Innocent,200,3,4,1114,1317,1085,1162,1134,942,1058,1089,
The Landing,200,3,3,902,684,872,957,898,937,843,853,
The Lord in Black,200,3,3,1059,946,1013,1115,961,1148,874,800,
The Primordial,200,3,3,1658,838,709,1024,894,792,861,953,
The Realm,200,3,3,438,381,505,827,1071,855,934,878,
The Return of the Rat,200,3,3,0,0,866,806,946,797,820,948,
The Saint's Treasure,200,3,4,1175,983,961,1024,1158,1020,1043,1068,
The Traitor,200,3,4,1074,965,1188,891,1138,1262,1263,1165,
The Undaunted,200,3,3,425,751,835,935,961,823,888,903,
The Wolverine,200,3,4,1482,1256,1208,1533,1279,1207,1102,1373,
Triskaidekaphobia,200,3,4,1104,1002,1153,1356,1158,1354,1072,1154,
The Dark Mage,200,,3,969,751,916,1069,1002,937,953,995,
Demigod's Wager,225,3,3,551,651,537,588,642,695,576,641,
Haunting Shadows,225,3,3,562,230,224,411,298,612,540,691,
Immortal Resolve,225,3,3,653,602,613,551,635,641,834,696,
The Bear Woman,225,3,3,725,635,762,684,780,655,724,868,
The Celestial Justicar,225,3,3,731,602,703,913,858,761,829,628,
The Fox in the Brambles,225,3,3,1864,480,715,744,791,670,759,668,
The Journey,225,3,3,767,651,715,645,753,787,620,655,
The Lord of Celebration,225,3,3,767,618,646,607,784,705,686,495,
The Patient,225,3,3,1442,667,762,785,712,802,677,747,
The Spoiled Prince,225,3,3,864,510,756,848,905,855,838,893,
Treasure Hunter,225,3,1,695,803,897,1092,924,766,939,69,
Vanity,225,3,3,1585,2471,1497,1405,639,583,564,602,
Boon of the First Ones,225,Boss,3,690,602,542,645,691,756,0,0,
A Dab of Ink,250,3,2,1000,480,376,330,531,496,483,385,
Arrogance of the Vaal,250,3,3,4415,717,459,684,665,607,476,529,
Astral Protection,250,3,3,0,495,434,744,632,636,604,550,
"Brush, Paint and Palette",250,3,3,661,465,675,479,622,612,552,610,
Buried Treasure,250,3,3,981,910,739,827,1130,1032,616,597,
Lachrymal Necrosis,250,3,2,521,437,391,626,543,560,588,562,
Light and Truth,250,3,3,3035,480,607,626,562,636,628,691,
Man With Bear,250,3,3,0,0,1065,1306,1025,920,544,700,
Parasitic Passengers,250,3,2,514,571,542,848,600,492,513,439,
Rebirth and Renewal,250,3,2,155,73,157,116,168,123,0,404,
Something Dark,250,3,3,0,354,265,411,587,505,517,575,
The Conduit,250,3,2,1065,571,490,362,498,452,454,467,
The Cursed King,250,3,3,772,495,675,665,705,621,491,624,
The Escape,250,3,3,519,207,224,551,565,569,521,483,
The Ethereal,250,3,2,536,480,569,497,546,565,510,537,
The Hunger,250,3,2,394,422,510,551,486,448,457,451,
The Side Quest,250,3,3,546,540,733,645,712,607,673,580,
The Siren,250,3,3,504,480,516,497,571,505,624,471,
The Spark and the Flame,250,3,3,39,465,618,724,705,492,576,646,
The Warlord,250,3,3,632,602,641,704,619,579,580,619,
Turn the Other Cheek,250,3,3,21470,8901,558,588,510,565,457,606,
The Cartographer,250,4,2,7089,6147,7394,9112,7166,6930,6699,491,
The Eldritch Decay,250,Boss,2,459,422,348,514,459,452,0,0,
Abandoned Wealth,275,2,2,363,451,326,497,394,431,382,389,
Baited Expectations,275,2,2,803,381,400,394,453,465,365,415,
Divine Beauty,275,2,2,0,0,516,330,408,385,400,374,
Echoes of Love,275,2,2,1353,480,339,497,442,389,491,377,
Endless Night,275,2,2,0,253,358,394,430,356,312,412,
Justified Ambition,275,2,2,410,422,326,588,447,422,472,404,
The Bones,275,2,2,436,437,429,330,413,457,372,512,
The Card Sharp,275,2,2,1349,820,1328,1069,1408,1317,457,404,
The Finishing Touch,275,2,2,0,0,449,411,498,546,465,370,
The Formless Sea,275,2,0,3168,2125,353,256,495,397,312,9,
The Jester,275,2,2,438,315,395,479,430,448,348,344,
The King's Heart,275,2,2,1264,408,405,533,427,401,358,377,
The Magma Crab,275,2,2,545,602,400,346,391,373,487,400,
The Mind's Eyes,275,2,2,249,144,104,128,126,431,393,301,
The Offering,275,2,2,684,525,500,514,534,439,476,459,
The Twilight Moon,275,2,2,3466,381,495,394,391,348,407,400,
The Unexpected Prize,275,2,2,975,480,353,330,301,393,403,315,
The Whiteout,275,2,2,884,408,400,330,427,405,439,439,
The Wind,275,2,2,398,367,500,362,311,418,410,326,
Costly Curio,275,Boss,2,436,341,449,626,388,501,0,0,
Reckless Ambition,275,Boss,2,360,381,415,394,445,410,0,0,
The Tyrant,275,,2,396,381,295,315,405,444,414,431,
The Wolven King's Bite,275,,2,215,556,454,378,442,470,457,475,
Unchained,275,,2,560,328,372,479,380,474,386,389,
Disdain,300,2,2,363,367,308,346,383,422,259,366,
The Enthusiasts,300,2,2,83,381,312,411,345,280,241,284,
Azyran's Reward,300,Boss,2,355,354,312,228,342,426,0,0,
The Dungeon Master,300,Boss,2,315,354,415,411,298,298,0,0,
The Mad King,300,Boss,2,1119,0,490,806,652,523,0,0,
The Pact,300,Boss,2,276,253,282,188,285,337,0,0,
A Chilling Wind,325,2,2,0,0,0,242,273,283,262,264,
A Dusty Memory,325,2,2,0,0,265,394,358,283,335,257,
Checkmate,325,2,2,0,241,201,362,276,313,271,231,
Hunter's Reward,325,2,2,32,315,160,188,239,230,214,209,
The Darkest Dream,325,2,2,553,302,558,346,293,251,315,319,
The Offspring,325,2,2,325,328,212,300,225,247,229,244,
The Scout,325,2,2,275,164,224,285,235,244,203,238,
The Seeker,325,2,2,328,302,232,242,295,226,229,271,
The Sephirot,325,2,2,273,354,236,188,311,306,235,206,
The Transformation,325,2,2,838,0,308,285,301,276,283,209,
The Forgotten Treasure,325,Boss,2,480,277,326,242,369,276,0,0,
Bijoux,350,2,2,220,185,175,163,198,186,184,170,
Lucky Deck,350,2,2,264,134,244,315,201,287,247,225,
Merciless Armament,350,2,2,252,164,189,285,251,189,206,200,
Peaceful Moments,350,2,2,244,241,216,270,235,158,165,238,
The Breach,350,2,2,902,480,464,256,221,199,226,197,
The Obscured,350,2,2,438,367,410,285,214,206,220,165,
The Road to Power,350,2,2,234,230,248,270,209,219,241,194,
The Shepherd's Sandals,350,2,2,0,253,232,139,205,223,244,194,
The Tinkerer's Table,350,2,2,443,241,189,411,239,258,187,200,
Chasing Risk,350,Boss,2,478,277,160,188,172,203,0,0,
Council of Cats,350,Boss,2,217,185,193,270,230,131,0,0,
A Note in the Wind,350,,2,284,0,143,300,256,226,209,162,
Mawr Blaidd,350,,2,358,241,212,175,212,265,198,185,
Desperate Crusade,375,1,1,315,98,143,128,160,180,147,129,
Alluring Bounty,375,2,1,161,154,193,163,183,120,184,168,
Deathly Designs,375,2,1,158,381,153,214,152,183,150,156,
Harmony of Souls,375,2,1,192,107,193,151,183,216,195,176,
The Avenger,375,2,1,504,164,136,256,237,219,163,137,
The Brawny Battle Mage,375,2,1,186,144,178,256,164,189,170,173,
The Polymath,375,2,1,446,144,160,214,162,209,173,148,
Brotherhood in Exile,375,Boss,1,162,164,146,214,219,174,0,0,
The Blessing of Moosh,375,,1,2424,1911,2233,2078,2541,0,181,142,
The Cacophony,375,,1,170,230,143,163,216,193,147,203,
The Price of Prescience,375,,1,207,107,189,139,179,164,150,126,
The Prince of Darkness,375,,1,192,144,175,128,207,174,206,179,
Toxic Tidings,375,,1,0,0,0,0,0,0,0,185,
From Bone to Ashes,400,2,1,265,107,153,270,187,155,181,170,
The Throne,400,2,1,226,125,193,175,148,174,168,145,
Judging Voices,400,Boss,1,34,134,110,66,117,115,0,0,
The Queen,400,Boss,1,138,116,126,66,132,140,0,0,
Akil's Prophecy,400,,1,7427,0,116,128,132,170,120,129,
The Academic,400,,1,298,154,160,242,146,177,155,168,
The Deep Ones,400,,1,149,164,113,128,160,155,130,116,
The Professor,400,,1,2686,302,295,201,142,134,130,145,
A Stone Perfected,425,2,1,216,154,157,95,128,104,116,99,
Bowyer's Dream,425,2,1,100,89,78,201,95,86,120,121,
The Dreamer,425,,1,280,196,208,116,104,129,137,124,
The Rusted Bard,425,,1,0,0,0,175,140,180,93,114,
The Shortcut,425,,1,122,89,113,163,121,109,83,126,
Gift of Asenath,450,2,1,6,98,116,256,80,117,85,111,
The Bitter Blossom,450,2,1,105,107,86,116,94,104,113,94,
Misery in Darkness,450,Boss,1,86,107,143,66,117,91,0,0,
Doryani's Epiphany,450,,1,0,125,107,201,90,0,46,94,
Gemcutter's Mercy,450,,1,0,107,54,163,53,106,113,97,
Pride Before the Fall,450,,1,177,134,107,95,97,106,102,74,
The Brittle Emperor,450,,1,62,107,72,116,113,96,107,129,
The Nurse,450,,1,227,154,75,66,152,149,93,97,
The Thaumaturgist,450,,1,44,116,110,116,119,101,130,76,
The Hook,475,1,1,58,20,51,26,50,0,95,109,
A Modest Request,475,Boss,1,88,107,89,57,85,109,0,0,
Lethean Temptation,475,Boss,1,0,44,51,95,99,47,0,0,
Rebirth,475,Boss,1,203,73,139,66,83,83,0,0,
Home,475,,1,81,58,75,85,90,106,102,119,
Avian Pursuit,500,1,1,0,0,0,0,0,0,0,83,
Dark Dreams,500,1,1,85,51,69,106,71,93,73,92,
Dementophobia,500,1,1,60,51,56,57,60,69,77,67,
Pride of the First Ones,500,Boss,1,67,116,69,85,48,81,0,0,
The Craving,500,,1,124,290,61,20,71,129,65,97,
The Garish Power,500,,1,4456,4510,69,116,64,99,79,63,
A Fate Worse Than Death,525,1,1,73,65,78,57,87,88,69,57,
Audacity,525,1,1,350,98,86,57,58,69,69,63,
The Enlightened,525,1,1,73,51,64,26,67,78,87,78,
The Samurai's Eye,525,Boss,1,65,58,80,106,58,81,0,0,
Temperance,525,,1,0,0,0,0,0,0,0,78,
Poisoned Faith,550,1,1,0,0,0,26,63,53,71,40,
Seven Years Bad Luck,550,1,1,67,37,64,116,82,71,55,61,
The Wedding Gift,550,1,1,0,0,59,57,50,81,61,42,
Friendship,550,,1,0,0,0,0,0,0,0,0,
The Long Watch,550,,1,1301,1256,0,0,0,0,0,42,
Eldritch Perfection,575,Boss,1,0,0,0,0,0,32,0,0,
Luminous Trove,575,Boss,1,67,31,54,57,67,81,0,0,
The Life Thief,575,Boss,1,51,58,33,26,63,43,0,0,
The Rabbit's Foot,575,Boss,1,69,31,38,66,43,74,0,0,
Magnum Opus,575,,1,51,65,56,66,51,60,43,36,
The Eye of the Dragon,575,,1,5184,3383,38,33,57,71,45,49,
Brother's Stash,600,1,0,51,20,59,57,50,35,48,38,
The Long Con,600,Boss,0,38,73,35,20,48,51,0,0,
Winter's Embrace,600,Boss,1,50,44,31,33,38,35,0,0,
Brother's Gift,600,,0,0,0,0,26,50,41,37,53,
Draped in Dreams,625,1,0,41,31,33,49,34,35,30,59,
Silence and Frost,625,Boss,0,336,277,362,41,55,41,0,0,
Imperfect Memories,650,1,0,48,51,33,41,22,47,37,28,
Dying Light,650,Boss,0,35,20,18,41,33,37,0,0,
Remembrance,650,Boss,0,34,37,31,57,44,41,0,0,
The Gulf,650,Boss,0,39,20,40,33,46,19,0,0,
The Sacrifice,650,Boss,0,38,25,51,49,34,16,0,0,
Broken Promises,650,,0,30,15,25,49,30,32,23,30,
Perfection,650,,0,47,7,56,41,38,35,41,30,
The Hale Heart,650,,0,46,37,25,49,25,51,30,36,
The White Knight,650,,0,41,31,21,14,35,32,33,35,
The Artist,675,1,0,34,51,33,33,25,23,33,33,
The Dragon's Heart,675,1,0,32,25,40,49,19,34,40,26,
Wealth and Power,675,,0,23,11,25,14,29,47,30,30,
The Celestial Stone,700,1,0,42,37,31,41,32,23,32,35,
Etched in Blood,700,,0,18,31,16,20,46,20,26,33,
The Strategist,700,,0,51,25,13,66,33,14,27,30,
The Tumbleweed,725,1,0,28,58,25,26,28,28,32,22,
Deadly Joy,725,Boss,0,27,15,18,14,24,25,0,0,
The Progeny of Lunaris,725,Boss,0,28,25,16,14,19,25,0,0,
Altered Perception,725,,0,23,15,38,49,35,22,22,30,
Eternal Bonds,725,,0,24,25,31,66,26,27,32,25,
Darker Half,750,,0,19,44,29,49,30,23,32,30,
Succor of the Sinless,775,Boss,0,25,31,29,20,27,20,0,0,
The Damned,775,Boss,0,21,25,23,33,21,25,0,0,
The Emptiness,775,Boss,0,151,25,54,9,32,14,0,0,
The Leviathan,775,Boss,0,0,7,42,26,24,27,0,0,
Desecrated Virtue,775,,0,26,37,18,41,26,30,16,26,
I See Brothers,775,,0,0,0,0,0,0,25,14,22,
Prometheus' Armoury,800,Boss,0,17,11,31,26,26,35,0,0,
The Hive of Knowledge,800,,0,8,11,27,14,19,9,22,26,
Beauty Through Death,825,Boss,0,19,15,15,20,20,17,0,0,
The Fishmonger,825,,0,26,11,21,14,14,7,17,15,
The Immortal,825,,0,19,31,23,20,15,16,27,21,
The Undisputed,825,,0,21,31,23,9,18,13,17,21,
Further Invention,850,Boss,0,11,11,2,5,27,10,0,0,
The Last One Standing,850,Boss,0,1099,838,10,41,15,17,0,0,
Void of the Elements,875,1,0,15,7,21,20,13,7,35,22,
The Soul,900,,0,355,302,18,41,11,9,23,10,
The Awakened,925,1,0,10,1,10,9,12,22,10,5,
The Doctor,925,1,0,28,11,16,20,15,14,11,16,
Fire Of Unknown Origin,925,Boss,0,0,0,0,0,16,14,0,0,
The Destination,925,Boss,0,15,15,13,20,13,19,0,0,
The Endless Darkness,925,Boss,0,138,73,110,5,8,10,0,0,
The World Eater,925,Boss,0,30,20,11,1,10,17,0,0,
Keeper's Corruption,925,,0,16,7,16,14,5,16,13,31,
Nook's Crown,925,,0,13,1,15,20,17,7,10,14,
The Aspirant,925,,0,16,20,13,20,12,27,12,14,
The Catch,925,,0,14,20,16,33,17,22,19,16,
The Shieldbearer,925,,0,0,7,18,20,13,17,13,11,
The Eternal War,950,,0,12,25,6,14,11,14,12,8,
Tranquillity,950,,0,858,1818,10,14,9,7,12,6,
Who Asked,1000,,0,0,0,0,0,0,16,8,13,
The Cheater,1025,,0,13,11,7,14,7,12,5,2,
The Last Supper,1025,,0,3242,1841,6,14,8,9,11,11,
Burning Blood,1050,Boss,0,64,51,89,26,6,17,0,0,
The Apothecary,1100,,0,11,7,6,5,6,10,6,11,
The Enforcer,1100,,0,0,20,3,20,21,5,12,9,
A Familiar Call,1150,Boss,0,11,3,4,5,8,5,0,0,
Auspicious Ambitions,1150,Boss,0,0,0,299,151,216,14,0,0,
Duality,1150,Boss,0,8,15,6,1,13,16,0,0,
Fateful Meeting,1150,Boss,0,22,11,10,5,13,6,0,0,
The Eye of Terror,1150,Boss,0,48,37,83,5,8,9,0,0,
The Vast,1200,,0,19,3,10,9,12,2,5,6,
Terrible Secret of Space,1250,Boss,0,159,218,205,214,209,0,5,1,
The Chosen,1250,Boss,,226,207,295,1,5,5,0,0,
Anarchy's Price,1250,,0,1406,651,11,5,5,8,6,8,
Lonely Warrior,1250,,,0,0,0,0,0,0,0,6,
The Greatest Intentions,1350,Boss,0,4,3,0,5,8,6,0,0,
Father's Love,1350,,0,0,0,0,0,0,0,0,0,
Love Through Ice,1350,,0,6,3,1,5,5,9,4,6,
The Fiend,1350,,0,13,3,4,0,5,2,3,6,
Choking Guilt,1450,Boss,0,0,7,1,5,8,3,0,0,
The Astromancer,1450,Boss,,1,1,7,5,2,8,0,0,
The One That Got Away,1450,,0,3,1,6,5,1,1,4,6,
Unrequited Love,1450,,0,3,7,4,1,2,4,12,8,
The Old Man,1600,,0,3,1,3,14,2,0,2,0,
The Price of Loyalty,1600,,0,32,11,25,1,0,1,4,3,
Matryoshka,1850,Boss,0,0,0,0,5,1,1,0,0,
Ambitious Obsession,1850,,,96,58,146,75,80,71,1,2,
Assassin's Gift,1850,,,0,0,0,0,0,1,0,2,
Divine Justice,1850,,,807,185,295,315,355,0,1,0,
House of Mirrors,1850,,0,1,0,5,1,5,1,0,1,
The Demon,1850,,0,2,3,2,5,0,2,0,6,
The Insane Cat,1850,,,0,0,0,0,2,5,0,1,
The Price of Devotion,1850,,0,0,0,0,0,0,3,2,1,
Birth of the Three,,,,0,0,0,0,0,0,0,0,
Blessing of God,,,,0,0,0,0,0,0,0,0,
Luck of the Vaal,,,,0,0,0,0,0,0,0,0,
Monochrome,,,,476,437,420,514,442,496,0,0,
Sambodhi's Wisdom,,,,2175,1021,922,870,927,909,1005,0,
Soul Quenched,,,,0,0,0,1186,1094,129,150,0,
Squandered Prosperity,,,,0,0,0,0,0,0,0,0,
The Bargain,,,,189,241,212,0,0,0,0,0,
The Devastator,,,,0,0,0,0,0,0,0,0,
The Master,,,,451,785,1293,891,1114,1329,1161,0,
The Mayor,,,,0,0,0,0,0,0,0,0,
The Sustenance,,,,40,1,0,0,0,0,0,0,
The Valley of Steel Boxes,,,,0,0,0,0,0,0,0,0,
Treasures of the Vaal,,,,0,0,0,0,0,0,0,0,
Underground Forest,,,,1149,1572,1133,979,1275,1189,0,0,